Year_of_Publication	Title_Length_in_Characters	Title_Word_Count	Number_of_Authors	Number_of_Institutions_of_First_Author	Number_of_Citations	Number_of_References	Type_of_Publication	Language_of_Publication	Primary_Concept_of_Publication	Is_Open_Access	Open_Access_Type	Abstract_Word_Count	Concepts_Count	Related_Works_Count	Locations_Count	OA_Locations_Count	Has_DOI	Institutions_All_Authors_Count	Citations_Per_Year
2014	56	8	1	0	299789	0	article	en	Computer science	False	closed	0	2	20	1	0	0	0	24982.416666666668
2016	44	6	4	1	195501	64	article	en	Residual	True	green	201	21	10	4	3	1	4	19550.1
2001	96	14	2	0	166162	12	article	en	Real-time polymerase chain reaction	False	closed	0	15	10	2	0	1	1	6646.48
2006	37	5	2	1	151012	75	article	en	Thematic analysis	False	closed	129	16	10	3	2	1	2	7550.6
2001	38	5	3	0	133517	0	book	en	Cloning (programming)	False	closed	280	11	20	1	0	0	0	5340.68
2001	0	0	1	1	110040	14	article	en	Random forest	True	bronze	0	16	10	1	1	1	1	4401.6
1995	91	13	2	1	100340	16	article	en	False discovery rate	False	closed	143	12	10	1	0	1	2	3236.7741935483873
1999	111	14	2	1	95649	55	article	en	Cutoff	False	closed	247	14	10	1	0	1	2	3542.5555555555557
1990	33	5	5	2	90609	22	article	en	Alignment-free sequence analysis	False	closed	0	21	10	2	0	1	8	2516.9166666666665
1990	38	5	1	2	86364	0	article	en	Cloning (programming)	False	closed	0	9	10	1	0	1	2	2399.0
1997	22	3	2	1	86265	34	article	en	Term (time)	False	closed	175	10	10	2	0	1	2	2974.655172413793
2007	30	4	1	1	85824	52	article	en	Phaser	True	bronze	206	12	10	2	1	1	1	4517.0526315789475
2014	42	6	2	1	85567	20	preprint	en	Regret	False	closed	157	15	20	0	0	0	2	7130.583333333333
1989	54	7	2	0	83956	0	article	en	Statistical power	False	closed	0	14	10	1	0	1	0	2269.0810810810813
1994	31	3	1	1	82227	61	article	en	Pseudopotential	True	green	119	18	10	3	1	1	1	2569.59375
2009	88	11	4	3	80944	52	article	en	Systematic review	True	hybrid	83	12	10	5	4	1	8	4761.411764705882
1984	39	6	1	0	77664	0	book	id	Humanities	False	closed	56	4	20	1	0	0	0	1849.142857142857
1991	30	5	1	1	75907	120	article	en	Theory of planned behavior	False	closed	0	19	10	1	0	1	1	2168.7714285714287
2015	63	7	3	1	74561	13	book-chapter	en	Computer science	False	closed	0	19	10	1	1	1	3	6778.272727272727
2015	52	5	4	1	73860	46	article	en	Restricted maximum likelihood	True	diamond	180	16	10	4	2	1	4	6714.545454545455
1997	80	12	1	2	73051	84	review	en	Iterated function	True	bronze	157	16	10	4	3	1	2	2519.0
2014	66	8	2	1	73021	30	article	en	Computer science	False	closed	131	17	20	1	0	0	2	6085.083333333333
2015	13	2	3	2	71583	43	review	en	Computer science	False	closed	0	20	10	3	0	1	6	6507.545454545455
2012	63	7	3	1	69098	23	article	en	Softmax function	False	closed	150	16	20	1	0	0	3	4935.571428571428
2003	106	15	4	1	67990	141	review	en	Psychology	False	closed	107	12	10	2	0	1	4	2956.086956521739
1986	132	13	2	0	66968	0	article	en	Moderation	True	green	0	9	10	2	1	1	0	1674.2
1990	54	7	1	1	65790	0	article	en	Statistics	False	closed	0	23	10	1	0	1	1	1827.5
2017	25	5	8	0	61944	0	preprint	en	Computer science	True	green	166	22	10	2	1	1	0	6882.666666666667
2012	59	7	16	1	61584	42	article	en	Plug-in	True	green	0	22	10	4	2	1	19	4398.857142857143
1980	31	5	0	0	60663	0	article	en	Citation	False	closed	175	10	10	1	0	1	0	1318.7608695652175
1996	30	4	3	1	60257	16	article	en	Computer science	False	closed	0	13	10	2	0	1	3	2008.5666666666666
1987	80	10	2	1	60174	16	article	en	Phylogenetic tree	True	bronze	137	14	10	2	1	1	1	1542.923076923077
2021	80	11	26	1	59079	79	article	en	Checklist	True	hybrid	126	20	10	11	9	1	45	11815.8
2012	47	9	3	1	58545	13	article	en	Software	True	green	0	10	10	4	2	1	3	4181.785714285715
2009	46	6	9	5	58261	4	article	en	Computer science	True	hybrid	90	19	10	5	4	1	45	3427.1176470588234
1981	87	10	2	1	58131	32	article	en	Unobservable	False	closed	131	24	10	1	0	1	1	1291.8
2014	58	8	3	3	57616	10	article	en	Preprocessor	True	hybrid	55	13	10	4	3	1	9	4801.333333333333
1989	90	12	1	1	57596	82	article	en	Technology acceptance model	False	closed	229	13	10	1	0	1	1	1556.6486486486488
2003	40	4	4	1	56961	27	review	en	Computer science	True	green	292	4	10	4	2	1	4	2476.5652173913045
2007	108	15	4	1	56406	89	article	en	Statistical power	True	bronze	0	17	10	2	1	1	4	2968.7368421052633
2009	51	6	6	1	55854	26	article	en	Computer science	False	closed	212	19	10	1	0	1	6	3285.529411764706
2009	69	9	2	1	55386	31	article	en	Computer science	True	hybrid	215	21	10	5	4	1	2	3258.0
1981	87	10	2	2	54544	29	article	en	Unobservable	False	closed	30	8	10	1	0	1	3	1212.088888888889
2004	57	6	1	1	53465	42	article	en	Artificial intelligence	False	closed	0	18	10	1	0	1	1	2430.2272727272725
1998	55	6	4	0	53075	126	article	en	Computer science	False	closed	201	21	10	2	1	1	1	1895.5357142857142
1982	40	6	0	0	52998	0	book	en	Neuroscience	True	green	0	3	10	2	1	1	0	1204.5
2014	42	6	2	0	52387	0	preprint	en	Regret	True	green	157	15	10	4	3	1	0	4365.583333333333
2012	40	6	2	1	51721	13	article	en	Computer science	True	green	0	17	10	4	2	1	2	3694.3571428571427
1989	64	8	0	0	50043	0	article	en	Computer science	False	closed	75	7	10	1	0	1	0	1352.5135135135135
2004	72	9	4	1	49474	54	article	en	Artificial intelligence	False	closed	126	24	10	2	0	1	4	2248.818181818182
1996	10	2	1	0	48650	0	book		Fuzzy logic	False	closed	0	4	20	1	0	0	0	1621.6666666666667
1996	48	7	1	1	48377	23	article	en	Shrinkage	False	closed	135	9	10	1	0	1	1	1612.5666666666666
2005	105	12	11	4	48214	41	article	en	Computational biology	True	green	127	16	10	4	2	1	44	2295.904761904762
2016	78	10	4	1	47001	43	article	en	Computer science	True	green	204	7	10	3	1	1	4	4700.1
1986	87	11	2	2	46810	7	article	en	Repeatability	False	closed	0	11	10	2	0	1	4	1170.25
2012	41	5	9	2	46372	24	article	en	Computer science	True	bronze	231	15	10	5	4	1	18	3312.285714285714
2013	59	7	5	1	46225	19	article	en	Biology	True	bronze	136	25	10	4	3	1	6	3555.769230769231
2003	92	11	9	1	45663	35	article	en	Computational biology	True	hybrid	165	20	10	4	3	1	10	1985.3478260869565
2015	30	4	9	1	45199	21	article	en	Computer science	True	green	116	21	10	3	2	1	9	4109.0
2004	73	9	7	1	44916	39	article	en	Computer science	True	green	171	8	10	3	1	1	7	2041.6363636363637
1983	35	4	3	1	43797	20	article	en	Statistical mechanics	False	closed	82	23	10	2	0	1	3	1018.5348837209302
2008	149	16	6	1	43676	6	article	en	Electronic data capture	True	green	0	26	10	4	2	1	6	2426.4444444444443
2004	74	10	1	1	42974	46	article	en	Benchmark (surveying)	True	bronze	141	16	10	4	3	1	1	1953.3636363636363
2002	60	8	4	1	42806	26	article	en	Mathematical optimization	True	green	219	18	10	2	1	1	4	1783.5833333333333
2013	100	11	1	1	42743	0	book	en	Statistical inference	False	closed	496	17	20	1	0	0	1	3287.923076923077
2002	27	3	2	0	42635	12	article	en	Particle swarm optimization	False	closed	65	19	10	1	0	1	2	1776.4583333333333
2003	84	9	3	0	42411	0	article	en	Selection (genetic algorithm)	True	green	46	5	10	2	1	1	0	1843.9565217391305
1995	59	7	1	1	41959	51	article	en	Parallel computing	True	green	0	17	10	2	1	1	1	1353.516129032258
1998	45	5	2	1	41767	31	article	en	Small-world network	False	closed	0	23	10	2	0	1	2	1491.6785714285713
2011	6	1	2	1	41188	54	article	en	Computer science	False	closed	75	13	10	1	0	1	2	2745.866666666667
1991	50	6	1	2	40930	62	article	en	Competitive advantage	False	closed	99	12	10	1	0	1	2	1169.4285714285713
1994	55	5	3	0	40824	0	article	en	Situated	True	green	121	8	10	2	1	1	0	1275.75
2000	50	8	20	1	40476	36	article	en	Biology	True	green	0	16	10	4	2	1	1	1556.7692307692307
2017	40	4	4	1	40216	54	preprint	en	Computer science	True	green	177	25	10	2	1	1	4	4468.444444444444
2013	95	12	2	2	40158	49	article	en	Multiple sequence alignment	True	hybrid	89	12	10	5	4	1	3	3089.076923076923
1994	32	5	2	1	40059	0	book	en	Computer science	False	closed	18	1	10	1	0	1	1	1251.84375
1991	39	6	1	1	40008	0	article	en	Research design	False	closed	0	5	10	1	0	1	1	1143.0857142857142
2011	126	14	6	2	39972	46	article	en	Phylogenetic tree	True	bronze	204	21	10	4	3	1	7	2664.8
2016	55	8	4	1	39956	41	article	en	Object detection	True	green	163	24	10	2	1	1	6	3995.6
1995	41	6	1	1	39420	2	book	en	Psychology	False	closed	0	2	10	1	0	1	1	1271.6129032258063
2005	48	6	2	1	39338	47	article	en	Content analysis	False	closed	140	24	10	2	0	1	2	1873.2380952380952
1997	116	15	5	1	39299	27	article	en	Multiple sequence alignment	True	green	196	21	10	6	3	1	4	1355.1379310344828
1999	38	6	0	0	39284	0	article		Computer science	False	closed	0	1	10	2	1	1	0	1454.962962962963
1998	89	12	2	0	39228	3	book	en	Grounded theory	False	closed	139	14	20	1	0	0	0	1401.0
2018	80	9	4	1	38667	55	preprint	en	Transformer	True	green	142	9	10	2	1	1	4	4833.375
2001	30	4	2	1	38415	0	book	en	Computer science	False	closed	828	1	10	1	0	1	2	1536.6
1999	104	14	1	0	38288	0	article	en	Sequence (biology)	False	closed	0	5	20	1	0	1	0	1418.0740740740741
2015	49	6	12	1	38207	98	article	en	Benchmark (surveying)	False	closed	0	18	10	4	3	1	12	3473.3636363636365
1995	23	2	2	1	38136	9	article	en	Feature vector	True	bronze	0	23	10	1	1	1	2	1230.1935483870968
2014	46	4	1	1	38089	25	article	en	Computer science	True	hybrid	142	11	10	4	3	1	1	3174.0833333333335
2009	107	13	3	2	37822	9	article	en	Bioconductor	True	hybrid	139	18	10	5	4	1	6	2224.823529411765
1992	58	6	0	0	37786	3	article	en	Regression testing	False	closed	58	12	10	1	0	1	0	1111.3529411764705
2014	41	6	8	1	37684	49	book-chapter	en	Computer science	False	closed	0	20	10	1	1	1	7	3140.3333333333335
2003	64	9	4	1	37570	81	article	en	Technology acceptance model	False	closed	306	11	10	1	0	1	4	1633.4782608695652
1986	32	4	2	2	37445	23	article	en	Pooling	False	closed	0	15	10	2	0	1	4	936.125
2000	21	4	1	1	37284	53	article	en	Protein Data Bank (RCSB PDB)	True	green	50	11	10	3	1	1	1	1434.0
1988	85	11	2	1	37270	70	review	en	Structural equation modeling	False	closed	104	11	10	1	0	1	2	980.7894736842105
2004	19	2	2	1	37247	0	book	en	Proper convex function	False	closed	134	16	10	1	0	1	2	1693.0454545454545
2008	28	4	2	0	36798	35	article	en	Isomap	False	closed	199	11	20	1	0	0	0	2044.3333333333333
2004	50	6	1	2	35361	75	book-chapter	en	Competitive advantage	False	closed	104	11	10	1	0	1	2	1607.3181818181818
1999	39	6	2	1	35313	19	article	en	Vertex (graph theory)	True	green	107	16	10	6	3	1	2	1307.888888888889
2008	92	12	3	2	34903	16	article	en	Annotation	False	closed	0	23	10	2	0	1	6	1939.0555555555557
2017	63	7	3	1	34840	34	article	en	Softmax function	True	bronze	154	15	10	2	2	1	3	3871.1111111111113
2021	59	7	34	1	34777	83	article	en	Protein structure prediction	True	hybrid	244	18	10	3	2	1	34	6955.4
2011	49	5	2	1	34644	90	article	en	Wave function	False	closed	170	7	10	2	0	1	2	2309.6
2014	65	10	5	1	34522	36	article	en	Overfitting	False	closed	168	11	20	1	0	0	5	2876.8333333333335
2015	87	10	7	2	34474	89	article	en	Biology	True	green	216	13	10	8	6	1	11	3134.0
1988	51	8	2	1	34472	42	book-chapter	en	Axiom	True	green	81	19	10	2	1	1	2	907.1578947368421
2018	75	9	5	2	33781	4	article	en	Mega-	True	bronze	88	19	10	4	3	1	6	4222.625
1997	71	10	2	0	33630	26	article	en	Diffraction	False	closed	0	14	10	2	0	1	0	1159.655172413793
2010	66	8	27	1	33612	6	letter	en	Throughput	True	green	0	9	10	4	2	1	28	2100.75
1990	65	9	2	1	33505	42	article	en	Absorptive capacity	False	closed	230	7	10	1	0	1	2	930.6944444444445
2014	45	6	3	1	33283	28	article	en	Computer science	False	closed	145	12	10	1	1	1	2	2773.5833333333335
2002	44	5	2	1	33252	30	article	en	Meta-analysis	False	closed	229	21	10	2	0	1	2	1385.5
2000	64	8	3	1	33043	32	article	en	Biology	True	bronze	166	22	10	3	2	1	3	1270.8846153846155
2015	54	6	3	1	32797	50	preprint	en	Computer science	True	green	171	9	10	3	2	1	3	2981.5454545454545
2007	37	5	1	0	32750	0	article	en	Computer science	False	closed	23	4	10	1	0	1	0	1723.6842105263158
2004	19	2	2	1	32626	6	book	en	Appeal	False	closed	77	20	20	1	0	0	2	1483.0
2010	34	5	1	0	32508	1	book-chapter	pt	Humanities	False	closed	134	4	20	1	0	0	0	2031.75
2009	130	18	2	1	32107	24	article	en	AutoDock	True	green	99	17	10	5	3	1	2	1888.6470588235295
1999	45	7	6	3	31806	16	article	en	KEGG	True	bronze	179	11	10	6	5	1	18	1178.0
1991	107	16	2	1	31688	18	article	en	Generalized method of moments	False	closed	99	16	10	1	0	1	2	905.3714285714286
2007	117	15	3	2	31656	42	article	en	Checklist	False	closed	220	26	10	2	1	1	6	1666.1052631578948
2007	84	11	11	4	31642	45	article	en	Linkage (software)	True	bronze	0	20	10	4	3	1	34	1665.3684210526317
2019	0	0	4	0	31630	52	article	en	Computer science	False	closed	34	6	10	1	0	1	0	4518.571428571428
1983	19	2	1	0	31414	0	book	ca	Mathematics	False	closed	0	2	20	1	0	0	0	730.5581395348837
1989	90	13	5	1	31170	37	article	en	Pittsburgh Sleep Quality Index	False	closed	0	15	10	2	0	1	1	842.4324324324324
1987	76	8	2	1	31107	0	article	en	Estimation	True	green	253	11	10	2	1	1	2	797.6153846153846
2016	34	5	7	2	30999	41	book-chapter	en	Computer science	False	closed	0	12	10	5	4	1	9	3099.9
2005	52	7	2	2	30862	22	article	en	Histogram	True	green	122	5	10	4	3	1	4	1469.6190476190477
1998	55	7	1	1	30757	0	book	en	LISREL	False	closed	135	13	20	1	0	0	1	1098.4642857142858
2014	88	13	1	2	30694	15	article	en	Phylogenetic tree	True	hybrid	173	13	10	6	5	1	2	2557.8333333333335
2001	39	6	2	0	30657	0	book	en	Cloning (programming)	False	closed	0	5	20	1	0	0	0	1226.28
1998	43	5	1	0	30642	0	book	en	Modular design	False	closed	103	22	20	1	0	0	0	1094.357142857143
1995	0	0	2	1	30502	17	article	en	Generalization	True	bronze	0	23	10	1	1	1	2	983.9354838709677
1989	110	17	1	1	30449	44	article	en	Neon	False	closed	288	25	10	1	0	1	1	822.9459459459459
2004	56	6	2	1	30389	5	article	en	Graphics	True	hybrid	39	7	10	2	1	1	2	1381.3181818181818
2008	109	14	2	1	30245	83	article	en	Mediation	True	bronze	0	14	10	2	1	1	2	1680.2777777777778
2011	72	8	1	2	30156	9	article	en	Adapter (computing)	True	bronze	103	4	10	1	1	1	2	2010.4
1992	74	9	3	0	30137	0	article	en	Grounded theory	False	closed	46	5	10	1	0	1	1	886.3823529411765
2000	45	7	1	3	30093	1	article	en	KEGG	True	bronze	185	11	10	4	4	1	3	1157.423076923077
2011	81	12	10	1	29930	25	article	en	Cochrane collaboration	True	hybrid	41	16	10	6	4	1	17	1995.3333333333333
2012	36	5	3	1	29789	487	article	en	Computer science	True	green	257	3	10	4	3	1	3	2127.785714285714
1991	17	2	2	0	29360	0	book	en	Situated	False	closed	121	13	10	1	0	1	0	838.8571428571429
1984	52	8	5	1	29340	33	article	en	Coupling (piping)	True	green	112	25	10	3	2	1	5	698.5714285714286
2018	76	9	28	2	29215	38	article	en	Checklist	True	green	154	24	10	3	1	1	36	3651.875
2007	75	9	4	2	29200	9	article	en	Mega-	True	bronze	203	13	10	2	1	1	5	1536.842105263158
1997	45	5	3	1	29119	94	article	en	Competitor analysis	True	green	194	17	10	2	1	1	3	1004.1034482758621
1998	56	7	1	2	29065	0	book	en	Meaning (existential)	False	closed	145	19	20	0	0	0	2	1038.0357142857142
2014	80	10	4	1	29053	49	article	en	Pascal (unit)	True	green	165	15	10	2	1	1	4	2421.0833333333335
1996	40	5	22	0	28993	34	article	en	Radiosonde	True	hybrid	460	13	10	1	1	1	0	966.4333333333333
2003	61	8	2	1	28700	5	article	en	Unix	True	bronze	64	14	10	2	1	1	2	1247.8260869565217
2012	91	13	8	1	28641	24	article	en	Biology	True	gold	120	10	10	5	4	1	8	2045.7857142857142
2012	81	11	4	1	28577	21	article	en	Bioconductor	True	green	91	20	10	4	2	1	3	2041.2142857142858
1989	65	9	2	1	28546	0	article	en	Statistical power	False	closed	0	12	10	1	0	1	1	771.5135135135135
1993	85	12	3	1	28436	19	article	en	Ewald summation	True	green	48	20	10	2	1	1	3	861.6969696969697
2016	67	8	6	1	28405	23	article	en	Amplicon	True	green	0	10	10	5	3	1	6	2840.5
2001	52	8	1	0	28381	0	preprint	en	Econometrics	False	closed	158	23	20	1	0	0	0	1135.24
2005	51	6	2	1	28377	17	article	en	Systematic review	True	green	149	15	10	6	5	1	2	1351.2857142857142
2000	33	4	2	0	28340	0	book	en	Computer science	False	closed	214	8	20	1	0	0	0	1090.0
2004	40	4	3	1	28212	32	article	en	Medicine	True	green	313	17	10	3	1	1	3	1282.3636363636363
2016	57	7	5	1	28123	22	article	en	Computer science	True	green	195	19	10	5	4	1	2	2812.3
2023	28	4	0	0	27989	0	other	en	Computer science	True	bronze	0	1	10	1	1	1	0	9329.666666666666
1986	42	6	1	1	27923	27	article	en	Edge detection	False	closed	239	21	10	2	0	1	1	698.075
2009	76	9	5	1	27829	6	article	en	Workflow	False	closed	83	15	10	1	0	1	5	1637.0
2007	35	7	13	3	27808	11	article	en	Porting	True	bronze	84	11	10	4	1	1	39	1463.578947368421
1999	27	3	2	1	27738	1	article	en	Generalization	False	closed	83	21	10	1	0	1	1	1027.3333333333333
1986	51	5	3	1	27704	4	article	en	Computer science	False	closed	0	19	10	1	0	1	3	692.6
2003	27	3	3	1	27640	28	article	en	Latent Dirichlet allocation	False	closed	120	28	20	1	0	1	3	1201.7391304347825
2015	203	28	12	1	27418	49	article	en	Medical genetics	True	bronze	0	21	10	4	3	1	17	2492.5454545454545
2010	39	5	4	0	27320	43	article	en	Computer science	True	hybrid	158	11	10	5	4	1	3	1707.5
1999	39	4	1	1	27134	0	book	en	Emphasis (telecommunications)	False	closed	0	5	10	1	0	1	1	1004.9629629629629
2005	39	4	2	0	26867	82	article	en	Reinforcement learning	False	closed	158	7	10	1	0	1	0	1279.3809523809523
2001	52	8	1	0	26861	238	book	en	Econometrics	False	closed	282	12	20	1	0	0	0	1074.44
2015	55	6	19	1	26636	38	article	en	Reinforcement learning	False	closed	0	11	10	2	0	1	19	2421.4545454545455
2014	98	12	3	1	26399	109	article	en	Structural equation modeling	True	hybrid	131	17	10	1	1	1	4	2199.9166666666665
2002	49	5	4	3	26314	36	article	en	Oversampling	True	diamond	218	22	10	3	2	1	12	1096.4166666666667
2009	97	13	33	2	26305	183	article	en	Interoperability	True	green	175	6	10	8	3	1	51	1547.3529411764705
2009	88	11	1	1	26118	38	article	en	Medicine	False	closed	4056	9	10	2	0	1	1	1536.3529411764705
2016	7	1	1	0	26066	0	book	en	Computer science	True	green	0	9	10	1	0	1	0	2606.6
1998	39	4	2	0	25973	0	article	en	Reinforcement learning	False	closed	0	6	10	1	0	1	0	927.6071428571429
2010	100	13	11	1	25863	27	article	en	Computer science	True	hybrid	235	14	10	6	5	1	13	1616.4375
2012	55	7	2	0	25789	0	article	en	Structural equation modeling	True	gold	0	4	10	1	1	1	2	1842.0714285714287
2007	22	2	0	0	25755	0	book-chapter	it	Computer science	False	closed	0	2	10	1	0	1	0	1355.5263157894738
2010	70	10	2	1	25710	4	article	en	Computer science	True	hybrid	182	21	10	4	3	1	2	1606.875
2011	89	11	36	1	25650	108	article	en	Interim	True	green	141	15	10	2	2	1	36	1710.0
2011	60	8	3	0	25406	203	book	en	Computer science	True	green	0	5	10	2	1	1	0	1693.7333333333333
2007	31	4	1	0	25148	0	article	en	Computer science	False	closed	0	2	20	1	0	0	0	1323.578947368421
2017	10	2	4	1	25117	38	preprint	en	Computer science	False	closed	166	25	10	2	0	1	4	2790.777777777778
2001	59	7	1	1	24946	24	article	en	Mathematics	True	bronze	132	14	10	1	1	1	1	997.84
2014	73	6	1	1	24909	22	article	en	Group (periodic table)	True	hybrid	186	27	10	4	3	1	1	2075.75
2001	96	10	1	0	24847	0	book	en	Glossary	False	closed	136	26	20	1	0	0	0	993.88
2012	98	14	10	1	24823	32	article	en	Markov chain Monte Carlo	True	hybrid	261	18	10	5	4	1	10	1773.0714285714287
2009	53	8	1	1	24742	3	dissertation	en	Boltzmann machine	False	closed	91	16	20	1	0	0	1	1455.4117647058824
1984	53	7	2	0	24689	0	article	en	Computer science	True	green	33	1	10	2	1	1	0	587.8333333333334
2015	10	2	1	1	24669	28	article	en	Computer science	False	closed	111	10	10	1	0	1	1	2242.6363636363635
2017	45	6	6	2	24646	43	preprint	en	Pyramid (geometry)	True	green	164	24	10	2	1	1	7	2738.4444444444443
2001	36	5	3	2	24615	7	book	en	Variety (cybernetics)	False	closed	0	6	10	1	0	1	5	984.6
1989	78	11	3	1	24535	75	article	en	Usability	False	closed	217	16	10	1	0	1	3	663.1081081081081
1984	36	4	5	0	24498	24	article	en	Computer science	False	closed	82	17	10	1	0	1	0	583.2857142857143
1997	38	5	0	0	24498	0	article	en	Control (management)	False	closed	0	4	10	1	0	1	0	844.7586206896551
1988	30	3	1	0	24477	3	book	en	Mathematics	False	closed	0	15	10	2	1	1	0	644.1315789473684
2008	57	9	2	1	24425	23	article	en	Gene expression	False	closed	0	7	10	2	0	1	1	1356.9444444444443
2002	50	5	3	0	24385	0	article	en	Physics	False	closed	2	13	10	1	0	1	0	1016.0416666666666
1984	33	6	1	1	24371	11	article	en	Resource (disambiguation)	False	closed	56	20	10	1	0	1	1	580.2619047619048
1992	35	5	1	1	24197	0	book	en	Computer science	False	closed	248	16	20	1	0	0	1	711.6764705882352
1993	77	11	4	0	24183	1	article	en	Suite	False	closed	94	13	10	1	0	1	0	732.8181818181819
1985	61	7	2	1	24163	0	book	en	Set (abstract data type)	False	closed	0	13	10	1	0	1	2	589.3414634146342
2013	49	6	0	0	24135	0	article	en	Medicine	True	green	32	14	10	3	2	1	0	1856.5384615384614
2004	101	12	2	0	24134	46	book-chapter	en	Rationalization (economics)	True	green	97	24	10	2	1	1	0	1097.0
2001	51	8	100	1	23981	459	article	en	Human genome	True	hybrid	59	12	10	4	2	1	100	959.24
1981	23	3	2	2	23949	8	article	en	RANSAC	True	bronze	141	22	10	1	1	1	4	532.2
1984	44	5	1	3	23853	0	book	en	Stakeholder	False	closed	68	17	20	0	0	0	3	567.9285714285714
2012	86	12	16	1	23687	43	article	en	Metagenomics	True	green	135	14	10	4	2	1	20	1691.9285714285713
2017	32	5	2	0	23483	0	book	fa	Grounded theory	False	closed	18	5	10	1	0	1	0	2609.222222222222
1985	15	2	2	1	23473	0	book	en	Canonical form	False	closed	207	19	20	1	0	0	2	572.5121951219512
1980	44	6	2	0	23418	0	article	en	Perception	False	closed	132	11	10	2	1	1	1	509.0869565217391
2017	32	3	8	1	23365	34	article	en	Adversarial system	True	gold	154	4	10	1	1	1	8	2596.1111111111113
2010	88	9	18	3	23315	78	article	en	Python (programming language)	True	hybrid	118	12	10	5	4	1	30	1457.1875
1990	45	6	1	1	23110	26	article	en	Mathematics	False	closed	180	7	10	2	0	1	1	641.9444444444445
2013	100	13	3	2	23000	47	article	en	Automatic summarization	True	bronze	173	13	10	5	3	1	6	1769.2307692307693
2015	101	12	8	2	22896	40	article	en	Systematic review	True	gold	149	17	10	12	11	1	9	2081.4545454545455
1995	42	5	2	1	22875	0	article	en	Artificial intelligence	True	green	103	11	10	3	2	1	3	737.9032258064516
2002	32	5	2	1	22849	0	book	en	Computer science	False	closed	0	11	10	1	0	1	2	952.0416666666666
2007	40	5	1	1	22843	6	article	en	Computer science	False	closed	33	7	10	1	0	1	1	1202.2631578947369
2008	61	9	2	1	22745	49	article	en	Gene co-expression network	True	gold	264	24	10	3	2	1	2	1263.611111111111
2003	27	3	100	1	22724	71	article	en	Range (aeronautics)	True	green	0	13	10	8	6	1	104	988.0
2001	32	4	33	0	22638	7	dataset	en	Ecology	False	closed	0	8	10	1	0	1	0	905.52
1990	43	5	1	0	22629	0	article	en	Qualitative research	False	closed	0	25	20	1	0	0	0	628.5833333333334
2004	113	15	2	1	22583	39	article	en	Computer science	True	green	0	15	10	4	2	1	2	1026.5
2014	93	10	7	0	22556	31	preprint	en	Machine translation	True	hybrid	29	14	10	4	3	1	5	1879.6666666666667
2014	96	11	4	3	22552	35	article	en	Tree (set theory)	True	hybrid	161	20	10	4	3	1	10	1879.3333333333333
1989	82	12	1	1	22477	67	article	en	Hidden Markov model	False	closed	161	22	10	1	0	1	1	607.4864864864865
1994	62	7	4	0	22468	55	book	en	Software design pattern	False	closed	64	10	20	1	0	0	3	702.125
1982	38	4	2	0	22451	0	article	en	Inbreeding	False	closed	135	17	10	1	0	1	0	510.25
2019	69	13	28	2	22441	21	letter	en	Systematic review	True	bronze	62	12	10	18	16	1	46	3205.8571428571427
2016	99	12	2	1	22385	22	article	en	Intraclass correlation	True	green	0	26	10	4	2	1	2	2238.5
2009	83	9	7	1	22163	18	article	en	Docking (animal)	True	green	83	24	10	5	3	1	7	1303.7058823529412
2018	31	2	3	1	22096	98	preprint	en	Computer science	True	green	159	26	10	2	1	1	3	2762.0
2015	110	12	7	2	22063	44	article	en	Computer science	True	green	0	7	10	4	2	1	14	2005.7272727272727
2006	18	2	1	1	21819	39	article	en	Compressed sensing	False	closed	284	10	10	1	0	1	1	1090.95
2015	71	9	1	1	21761	2	article	en	Qualitative research	False	closed	94	16	10	1	0	1	1	1978.2727272727273
2011	92	10	2	1	21709	22	article	en	Undo	False	closed	28	18	10	1	0	1	2	1447.2666666666667
2001	49	6	2	1	21688	14	article	en	Markov chain Monte Carlo	True	bronze	37	16	10	2	1	1	1	867.52
1994	116	15	4	0	21614	1	article	en	Ab initio	False	closed	197	13	10	1	0	1	0	675.4375
2007	27	3	3	1	21595	55	article	en	Particle swarm optimization	False	closed	0	14	10	1	0	1	2	1136.578947368421
1986	36	4	5	0	21585	0	article	en	Statistics	False	closed	0	7	10	1	0	1	0	539.625
2015	92	11	2	1	21578	23	preprint	en	Covariate	True	green	180	12	10	2	1	1	2	1961.6363636363637
2012	65	6	1	0	21573	37	article	en	Structural equation modeling	True	diamond	108	24	10	1	1	1	0	1540.9285714285713
1985	39	6	0	0	21550	0	book	en	Constant (computer programming)	False	closed	0	3	10	1	0	1	0	525.609756097561
2009	29	5	2	2	21369	90	article	en	Transfer of learning	False	closed	180	23	10	1	0	1	4	1257.0
1984	67	10	1	0	21298	0	book	en	Constitution	False	closed	133	16	20	1	0	0	0	507.0952380952381
1994	55	8	4	0	21222	0	book	en	Mathematics	False	closed	0	14	10	1	0	1	0	663.1875
2017	25	5	8	1	21208	0	article	en	Machine translation	False	closed	116	19	20	1	0	0	8	2356.4444444444443
2023	27	3	1	0	21167	0	book-chapter	en	Discriminator	False	closed	0	18	10	1	0	1	0	7055.666666666667
1997	63	10	13	1	21130	23	article	en	Natural capital	False	closed	0	15	10	1	0	1	12	728.6206896551724
2018	54	6	5	1	21015	55	preprint	en	Computer science	True	green	208	12	10	2	1	1	5	2626.875
2017	30	4	2	2	21005	1332	book	en	Python (programming language)	False	closed	131	13	10	1	0	1	4	2333.8888888888887
2005	107	14	3	1	20996	48	article	en	Biology	True	green	191	25	10	4	1	1	3	999.8095238095239
2017	37	6	5	1	20973	40	preprint	en	Detector	True	green	191	12	10	2	1	1	5	2330.3333333333335
2012	53	7	1	0	20948	0	reference-entry	en	Classification of mental disorders	False	closed	16	7	10	1	0	1	0	1496.2857142857142
2018	50	6	4	1	20924	14	article	en	Computer science	True	hybrid	154	11	10	5	4	1	2	2615.5
1982	86	14	2	0	20896	10	article	en	Receiver operating characteristic	False	closed	159	18	10	2	0	1	0	474.90909090909093
2001	43	5	1	0	20775	0	article	fr	Quantum computer	False	closed	3	9	10	1	0	1	0	831.0
2015	58	9	3	2	20735	16	article	en	Search engine indexing	True	green	0	15	10	5	3	1	5	1885.0
2007	139	16	6	2	20618	38	article	en	Strengthening the reporting of observational studies in epidemiology	True	gold	221	21	10	11	10	1	10	1085.157894736842
1989	77	9	1	1	20575	46	article	en	Orthonormal basis	True	green	165	19	10	2	1	1	1	556.081081081081
2000	91	12	2	1	20552	67	article	en	Voluntariness	True	green	165	18	10	2	1	1	2	790.4615384615385
2004	41	6	2	1	20550	0	book	en	Fundamental matrix (linear differential equation)	False	closed	150	25	10	1	0	1	2	934.0909090909091
1991	55	6	1	1	20534	26	article	en	Organizational learning	False	closed	137	17	10	1	0	1	1	586.6857142857143
1981	28	4	2	1	20514	40	article	en	Reciprocity (cultural anthropology)	False	closed	103	19	10	2	0	1	2	455.8666666666667
2009	43	6	1	0	20485	0	book	en	Graphics	False	closed	236	16	20	1	0	0	0	1205.0
1998	49	7	2	1	20323	12	article	en	Documentation	False	closed	33	10	10	2	0	1	1	725.8214285714286
2021	71	8	8	2	20294	98	article	en	Transformer	True	green	222	15	10	2	1	1	11	4058.8
1998	23	3	1	0	20292	0	book	en	Process (computing)	False	closed	145	19	10	1	0	1	0	724.7142857142857
2002	41	5	2	1	20284	182	article	en	Complex network	True	green	130	29	10	4	2	1	2	845.1666666666666
2009	134	12	15	2	20227	29	article	en	Laptop	True	green	100	13	10	5	4	1	17	1189.8235294117646
2010	59	9	1	1	20099	9	article	en	Cluster analysis	True	bronze	123	14	10	2	1	1	1	1256.1875
2012	22	2	1	1	20081	6	book-chapter	en	Computer science	False	closed	0	3	10	1	0	1	1	1434.357142857143
2009	58	8	1	0	20049	0	book	en	Qualitative research	False	closed	108	15	20	1	0	0	0	1179.3529411764705
2001	4	1	4	0	20044	3	article	en	Computer science	True	bronze	79	12	10	1	1	1	0	801.76
1994	34	5	1	0	20039	12	book	en	Prime mover	False	closed	115	21	20	1	0	0	0	626.21875
2007	38	2	6	2	20030	63	article	en	Phaser	True	hybrid	167	12	10	5	4	1	9	1054.2105263157894
1991	71	11	1	2	20027	0	article	en	Officer	False	closed	0	12	10	1	0	1	2	572.2
1980	40	6	0	0	19939	0	book	en	Series (stratigraphy)	False	closed	0	8	10	1	0	1	0	433.45652173913044
1993	56	7	13	1	19920	121	article	en	Computer science	False	closed	97	15	10	1	0	1	15	603.6363636363636
2017	64	6	4	2	19906	63	article	en	Adversarial system	True	green	130	17	10	2	1	1	8	2211.777777777778
2017	79	7	4	2	19895	72	article	en	Image translation	True	green	170	20	10	2	1	1	8	2210.5555555555557
1997	95	13	1	1	19813	0	article	en	Graphical user interface	False	closed	147	10	10	1	0	1	1	683.2068965517242
2005	72	10	5	1	19739	21	article	en	Elevation (ballistics)	False	closed	335	21	10	1	0	1	7	939.952380952381
2017	111	14	5	1	19694	113	article	en	Conditional random field	True	green	248	22	10	5	3	1	5	2188.222222222222
2001	59	7	2	1	19692	62	article	en	Battery (electricity)	False	closed	0	17	10	2	0	1	2	787.68
2006	56	8	2	1	19684	8	article	en	Autoencoder	False	closed	87	17	10	2	0	1	2	984.2
2008	40	5	2	1	19680	53	article	en	Operationalization	True	green	182	22	10	3	1	1	2	1093.3333333333333
2009	36	5	3	1	19653	18	book	en	Variety (cybernetics)	False	closed	0	13	10	2	1	1	3	1156.0588235294117
1988	47	6	3	0	19644	0	book	en	Qualitative research	False	closed	110	12	20	1	0	0	0	516.9473684210526
1989	59	6	3	0	19607	14	article	en	Feed forward	False	closed	0	22	10	1	0	1	2	529.918918918919
2014	69	9	3	1	19586	14	article	en	Python (programming language)	True	hybrid	146	10	10	5	4	1	3	1632.1666666666667
2017	61	8	3	1	19536	24	article	en	R package	True	diamond	167	18	10	5	3	1	3	2170.6666666666665
2005	31	5	1	1	19506	29	article	en	Receiver operating characteristic	False	closed	0	9	10	2	1	1	1	928.8571428571429
2000	111	9	1	1	19420	26	review	en	Observational study	False	closed	274	19	10	2	0	1	1	746.9230769230769
1993	67	8	3	0	19404	0	article	en	Computer science	False	closed	0	1	10	1	0	1	0	588.0
1995	91	13	2	1	19386	279	article	en	Belongingness	False	closed	128	14	10	2	0	1	1	625.3548387096774
1988	47	7	2	1	19356	36	article	en	Structural equation modeling	False	closed	0	21	10	1	0	1	2	509.36842105263156
1991	25	3	2	0	19339	0	book	en	Control (management)	False	closed	29	7	20	1	0	0	0	552.5428571428571
1997	86	11	2	1	19325	32	article	en	Boosting (machine learning)	True	bronze	0	12	10	2	2	1	2	666.3793103448276
2002	118	15	7	1	19295	25	article	en	Housekeeping gene	True	bronze	0	17	10	5	4	1	7	803.9583333333334
1994	39	5	1	1	19282	0	article	en	Computer science	True	green	99	3	10	3	2	1	1	602.5625
2003	110	13	2	1	19152	47	review	en	Content analysis	False	closed	0	17	10	2	0	1	2	832.695652173913
2005	26	3	5	0	19101	0	article	en	Computer science	False	closed	0	2	20	1	0	0	0	909.5714285714286
2009	37	4	7	1	19074	15	article	en	Computer science	True	gold	217	20	10	3	2	1	7	1122.0
2005	57	8	2	1	19037	35	article	en	Elastic net regularization	True	bronze	116	11	10	1	1	1	2	906.5238095238095
2013	76	10	3	1	18995	0	book	en	Artificial intelligence	False	closed	307	15	20	1	0	0	1	1461.1538461538462
2014	92	16	5	3	18992	61	article	en	ALARM	False	closed	253	15	10	2	0	1	12	1582.6666666666667
1997	25	3	1	0	18991	0	article	en	Psychophysics	False	closed	0	9	10	1	0	1	0	654.8620689655172
1985	76	11	2	1	18990	4	article	en	Identification (biology)	False	closed	80	22	10	1	0	1	2	463.1707317073171
2005	39	5	2	0	18927	0	book	en	Artificial intelligence	False	closed	200	7	10	2	1	1	0	901.2857142857143
1997	26	3	3	1	18917	0	other	en	Canonical correlation	False	closed	157	19	10	1	0	1	3	652.3103448275862
2011	31	5	3	1	18892	79	article	en	Structural equation modeling	True	bronze	138	14	10	1	1	1	3	1259.4666666666667
2020	28	4	26	0	18878	69	review	en	Computer science	True	hybrid	191	1	10	5	3	1	26	3146.3333333333335
1982	86	10	1	0	18848	16	article	en	Computer science	True	green	145	28	10	5	3	1	0	428.3636363636364
2007	97	14	4	2	18807	30	article	en	16S ribosomal RNA	True	green	269	13	10	4	3	1	8	989.8421052631579
2012	121	17	14	3	18713	9	article	en	Computer science	True	hybrid	208	18	10	4	3	1	42	1336.642857142857
1981	111	13	5	1	18705	22	article	en	Patch clamp	False	closed	0	16	10	1	0	1	6	415.6666666666667
1999	67	5	1	1	18698	12	article	en	Suite	False	closed	125	11	10	1	0	1	1	692.5185185185185
1993	55	9	0	0	18684	4	article	en	Computer science	True	green	285	1	10	2	1	1	0	566.1818181818181
2005	27	3	2	0	18620	2	article	en	Statistics	False	closed	160	6	10	1	0	1	0	886.6666666666666
2019	88	11	11	1	18605	53	article	en	Dissemination	True	bronze	0	17	10	4	3	1	11	2657.8571428571427
2008	9	1	2	1	18573	21	article	en	Petabyte	True	bronze	121	14	10	1	1	1	2	1031.8333333333333
1994	49	6	2	0	18531	0	book	en	Transitive relation	False	closed	120	19	20	1	0	0	1	579.09375
1995	79	10	2	1	18525	19	article	en	Estimator	False	closed	0	20	10	1	0	1	2	597.5806451612904
2008	25	3	2	2	18480	20	article	en	Subtext	False	closed	0	8	10	4	0	1	4	1026.6666666666667
2018	42	5	4	1	18447	41	book-chapter	en	Computer science	False	closed	0	14	10	2	1	1	3	2305.875
1988	23	3	2	1	18440	4	article	en	Computer science	False	closed	0	21	10	1	0	1	2	485.2631578947368
1993	49	7	2	0	18422	0	article	en	Public relations	True	green	68	6	10	2	1	1	0	558.2424242424242
2002	35	5	1	0	18416	0	article	en	Molecular graphics	False	closed	0	5	20	1	0	0	0	767.3333333333334
2003	46	7	1	2	18407	489	article	en	Random graph	True	green	75	23	10	4	2	1	2	800.304347826087
1998	61	8	1	0	18383	0	book	en	Qualitative research	False	closed	75	19	20	1	0	0	0	656.5357142857143
2013	99	14	2	1	18337	93	article	en	UniFrac	True	gold	264	19	10	6	4	1	2	1410.5384615384614
2001	82	10	3	0	18333	18	article	en	Univariate	False	closed	111	24	20	1	0	0	2	733.32
2007	45	5	2	0	18323	0	article	en	Random forest	False	closed	279	11	20	1	0	0	0	964.3684210526316
1987	42	6	1	0	18299	0	book	de	Identification (biology)	False	closed	25	4	20	1	0	0	0	469.20512820512823
1981	75	10	2	1	18272	11	article	en	Bifurcation	False	closed	100	30	10	1	0	1	2	406.0444444444444
2008	90	13	7	1	18228	11	article	en	Quality of evidence	True	green	33	16	10	4	2	1	8	1012.6666666666666
1990	43	5	1	1	18212	0	article	en	Qualitative research	False	closed	0	6	10	1	0	1	1	505.8888888888889
2016	50	8	4	1	18180	15	article	en	Usability	True	gold	395	13	10	4	3	1	4	1818.0
1987	85	12	1	1	18138	21	article	en	Silhouette	True	bronze	0	13	10	1	1	1	1	465.0769230769231
2001	64	9	3	1	18123	45	article	en	Mathematics	False	closed	206	17	10	1	0	1	3	724.92
1989	38	5	3	0	18110	0	article	en	Missing data	False	closed	114	6	10	1	0	1	0	489.4594594594595
1995	58	5	4	0	18100	12	review	en	Altmetrics	False	closed	186	11	10	1	0	1	0	583.8709677419355
1984	62	8	1	1	18082	0	article	en	Nanorod	True	green	0	16	10	2	1	1	1	430.5238095238095
2008	25	3	0	0	18076	9	book-chapter	en	Computer science	False	closed	0	1	10	1	0	1	0	1004.2222222222222
1984	82	10	2	1	18074	47	article	en	Maximum a posteriori estimation	False	closed	209	18	10	2	0	1	2	430.3333333333333
2000	85	10	1	2	18060	0	book	en	Structural equation modeling	False	closed	155	20	20	1	0	0	2	694.6153846153846
2018	52	11	4	1	18030	118	article	en	Structural equation modeling	False	closed	281	21	10	1	0	1	8	2253.75
1996	48	5	1	0	17945	0	book	en	Fixed wireless	False	closed	233	12	20	1	0	0	0	598.1666666666666
2004	18	2	1	1	17943	20	book	en	Orthonormal basis	False	closed	258	19	20	1	0	0	1	815.5909090909091
2009	29	5	6	0	17930	37	article	en	Computer science	False	closed	107	10	10	1	0	1	5	1054.7058823529412
1985	49	5	3	0	17929	0	article	en	Agriculture	False	closed	56	7	10	1	0	1	0	437.2926829268293
2009	48	7	5	1	17787	60	article	en	Pascal (unit)	False	closed	0	18	10	3	2	1	5	1046.2941176470588
2014	66	8	2	1	17737	0	preprint	en	Computer science	True	green	131	9	10	2	1	1	2	1478.0833333333333
2004	54	9	5	0	17708	26	article	en	Force field (fiction)	True	bronze	250	16	10	2	1	1	3	804.9090909090909
1989	48	5	1	0	17688	0	article	en	Biology	False	closed	0	10	20	1	0	0	0	478.05405405405406
2015	91	10	4	1	17652	40	article	en	Overfitting	True	green	140	21	10	3	2	1	4	1604.7272727272727
2012	62	10	1	2	17640	83	article	en	ENCODE	True	hybrid	290	16	10	13	10	1	2	1260.0
1988	49	9	2	2	17634	21	article	en	Unit root	False	closed	131	25	10	1	0	1	3	464.05263157894734
1993	73	10	0	0	17618	0	paratext	en	Computer science	False	closed	0	4	10	1	0	1	0	533.8787878787879
2002	34	5	4	1	17606	93	article	en	Wireless sensor network	False	closed	0	19	10	1	0	1	4	733.5833333333334
1991	26	3	4	0	17592	0	article	en	Computer science	False	closed	0	4	10	1	0	1	0	502.62857142857143
1988	79	9	1	1	17491	235	book	en	Computer science	False	closed	218	14	20	1	0	0	1	460.2894736842105
1996	88	12	4	1	17481	10	article	en	DBSCAN	False	closed	169	19	20	1	0	0	2	582.7
1986	58	7	2	1	17480	23	article	en	Mathematics	False	closed	111	30	10	1	1	1	2	437.0
2017	34	4	2	2	17420	21	article	en	Object detection	True	green	204	9	10	2	1	1	4	1935.5555555555557
1994	53	7	1	1	17395	66	article	en	Knowledge management	False	closed	109	17	10	1	0	1	1	543.59375
2003	56	8	3	1	17380	35	article	en	Coulomb	False	closed	101	21	10	1	0	1	3	755.6521739130435
2005	65	10	2	1	17366	21	article	en	Computer science	False	closed	187	29	10	1	0	1	1	826.952380952381
1985	56	9	1	0	17349	61	book-chapter	en	Plan (archaeology)	False	closed	0	9	10	1	0	1	0	423.1463414634146
2020	84	10	45	4	17341	20	article	en	Coronavirus	True	green	263	20	10	4	3	1	180	2890.1666666666665
1992	39	7	2	1	17330	59	article	en	Iterative closest point	False	closed	171	25	10	1	0	1	2	509.70588235294116
2010	109	14	6	4	17328	40	article	en	Algorithm	True	bronze	249	16	10	8	7	1	22	1083.0
1984	76	10	1	1	17309	25	article	en	Canonical ensemble	True	green	144	24	10	3	2	1	1	412.1190476190476
1994	52	7	1	0	17296	0	article	en	Suite	False	closed	117	12	10	2	0	1	0	540.5
1995	40	5	1	1	17282	5	book	en	Bibliography	False	closed	0	14	10	2	1	1	1	557.483870967742
2019	88	11	100	1	17265	29	letter	en	Microbiome	True	green	0	10	10	8	6	1	124	2466.4285714285716
2005	33	5	6	1	17229	145	article	en	Computer science	False	closed	219	18	10	2	0	1	6	820.4285714285714
2014	45	7	1	1	17157	1039	review	en	Artificial intelligence	True	green	0	13	10	5	2	1	1	1429.75
1988	29	4	3	1	17141	26	article	en	Artificial intelligence	False	closed	0	23	10	1	0	1	3	451.07894736842104
2017	80	9	3	1	17099	70	article	en	Computer science	True	hybrid	291	22	10	4	3	1	3	1899.888888888889
1980	20	4	2	0	17049	4	book	en	Metaphor	False	closed	135	17	20	1	0	0	0	370.6304347826087
1980	73	8	1	1	17042	0	article	en	Competitor analysis	False	closed	537	19	20	0	0	0	1	370.4782608695652
1990	21	3	1	1	17027	0	book	en	Commons	False	closed	191	27	10	1	0	1	1	472.97222222222223
2000	75	9	2	1	16992	45	article	en	Autonomy	True	bronze	0	16	10	3	2	1	2	653.5384615384615
1999	35	6	1	0	16934	0	book	en	Wavelet	False	closed	0	17	10	1	0	1	0	627.1851851851852
2005	37	5	10	1	16929	126	article	en	Computer science	True	bronze	243	18	10	6	5	1	11	806.1428571428571
2017	80	9	6	1	16896	52	article	en	Closed captioning	True	green	283	21	10	2	1	1	8	1877.3333333333333
1994	53	6	2	0	16881	101	article	en	Relationship marketing	False	closed	102	18	10	1	0	1	1	527.53125
1981	60	7	1	0	16855	0	book	en	Computer science	False	closed	0	8	10	1	0	1	0	374.55555555555554
2009	75	12	2	1	16815	16	article	en	Social media	False	closed	0	17	10	1	0	1	2	989.1176470588235
2014	31	3	2	1	16811	15	article	en	Inference	False	closed	131	18	20	0	0	0	2	1400.9166666666667
2021	59	7	3	1	16786	22	article	en	Biology	True	gold	202	20	10	4	3	1	4	3357.2
2003	90	13	2	2	16758	50	article	en	Algorithm	True	bronze	228	25	10	4	3	1	3	728.6086956521739
1988	81	9	3	0	16721	8	review	en	Icon	False	closed	187	11	10	1	0	1	0	440.0263157894737
1994	100	16	1	1	16702	16	article	en	Information processing	False	closed	473	4	10	3	1	1	1	521.9375
2002	18	2	2	0	16635	0	book	en	Computer science	False	closed	0	2	20	1	0	0	0	693.125
2019	68	8	21	0	16623	0	preprint	en	Computer science	True	green	150	15	10	3	2	1	0	2374.714285714286
2015	92	11	2	1	16615	16	preprint	en	Normalization (sociology)	False	closed	180	19	20	1	0	0	2	1510.4545454545455
1998	71	10	1	1	16546	32	book-chapter	en	Extension (predicate logic)	False	closed	0	16	10	1	0	1	1	590.9285714285714
1980	88	12	4	1	16533	9	article	en	Basis set	False	closed	108	22	10	1	0	1	4	359.4130434782609
2004	82	12	2	1	16518	43	article	en	Mediation	True	bronze	0	11	10	3	2	1	2	750.8181818181819
2013	60	8	4	1	16511	0	preprint	en	Word (group theory)	True	green	99	20	10	2	1	1	4	1270.076923076923
1998	63	8	4	2	16493	21	article	en	Genome	True	green	134	19	10	4	2	1	8	589.0357142857143
2005	60	7	3	1	16446	95	article	en	Principle of maximum entropy	False	closed	0	13	10	1	0	1	4	783.1428571428571
2005	102	13	2	1	16435	18	article	en	Pairwise comparison	False	closed	107	18	10	1	0	1	2	782.6190476190476
1998	0	0	1	1	16432	56	article	en	Support vector machine	False	closed	0	24	10	1	0	1	1	586.8571428571429
1985	54	6	3	0	16401	0	report	en	Computer science	False	closed	17	2	10	1	0	1	0	400.0243902439024
1985	78	12	3	1	16369	21	article	en	Quality (philosophy)	False	closed	79	14	10	1	0	1	3	399.2439024390244
1996	0	0	1	1	16369	11	article	en	Artificial intelligence	True	bronze	0	15	10	1	1	1	1	545.6333333333333
1989	54	7	1	0	16337	3	article	en	Power analysis	False	closed	0	11	10	1	0	1	0	441.5405405405405
1993	56	8	2	0	16325	0	article	en	Glossary	False	closed	0	22	10	1	0	1	0	494.6969696969697
2012	87	11	1	2	16313	11	article	en	Software	True	hybrid	147	11	10	3	2	1	2	1165.2142857142858
2009	71	9	2	1	16306	46	article	en	Computer science	True	hybrid	120	12	10	3	2	1	2	959.1764705882352
1984	90	12	3	1	16289	28	article	en	Data envelopment analysis	False	closed	285	18	10	1	0	1	3	387.8333333333333
1989	42	5	1	0	16257	0	book	en	Latent variable	False	closed	0	6	10	1	0	1	0	439.3783783783784
1996	28	3	3	0	16229	0	article	en	Sensemaking	False	closed	30	13	10	1	0	1	0	540.9666666666667
2017	61	7	1	1	16218	22	article	en	Convolution (computer science)	True	green	151	15	10	2	1	1	1	1802.0
2011	48	9	1	0	16211	0	book	en	Computer science	False	closed	0	1	10	1	0	1	0	1080.7333333333333
1986	63	7	2	1	16200	40	article	en	Psychology	False	closed	63	13	10	1	0	1	2	405.0
2019	55	7	10	0	16183	45	preprint	en	Hyperparameter	True	green	125	15	10	3	2	1	0	2311.8571428571427
1988	30	4	2	0	16181	0	article	en	Materials science	False	closed	0	3	10	1	0	1	0	425.8157894736842
1983	76	9	2	1	16150	1	book	en	Dynamical systems theory	False	closed	0	17	10	1	0	1	2	375.5813953488372
1994	23	3	2	1	16143	0	book	en	Social network analysis	False	closed	147	19	10	1	0	1	2	504.46875
2007	45	5	3	1	16119	24	article	en	Thermostat	True	green	112	19	10	3	1	1	3	848.3684210526316
2014	43	5	1	2	16117	16	article	en	Perl	False	closed	122	20	10	2	1	1	2	1343.0833333333333
1990	65	9	1	0	16059	1	article	en	Simulated annealing	False	closed	95	12	10	1	0	1	0	446.0833333333333
2018	142	15	12	2	16038	64	article	en	String (physics)	True	gold	184	18	10	9	7	1	28	2004.75
2005	31	5	3	1	16012	46	article	en	Operationalization	False	closed	154	23	10	1	0	1	3	762.4761904761905
1987	52	7	1	0	15988	27	article	en	Comprehension	True	green	174	20	10	2	1	1	0	409.94871794871796
1992	86	10	5	1	15971	20	article	en	Mesoporous material	False	closed	0	28	10	1	0	1	4	469.7352941176471
2006	77	10	1	0	15964	0	book	en	Grounded theory	False	closed	33	9	20	1	0	0	0	798.2
1995	74	10	6	2	15959	50	article	en	Unix	False	closed	0	11	10	2	0	1	10	514.8064516129032
1995	30	3	2	0	15952	0	book	en	Tacit knowledge	False	closed	132	13	10	1	0	1	0	514.5806451612904
1999	54	6	1	1	15911	24	article	en	Artificial intelligence	False	closed	156	15	10	1	0	1	1	589.2962962962963
1992	24	4	1	2	15909	0	book	en	Wavelet	False	closed	68	15	20	1	0	0	2	467.9117647058824
2002	131	18	8	3	15906	42	article	en	Voxel	False	closed	0	18	10	2	0	1	29	662.75
1985	30	4	2	1	15899	17	book-chapter	en	Analytic hierarchy process	False	closed	0	17	10	1	0	1	2	387.780487804878
2006	46	8	3	1	15879	31	article	en	Computer science	False	closed	163	16	10	2	0	1	3	793.95
2007	58	7	2	1	15863	47	article	en	Scholarship	True	bronze	89	15	10	2	2	1	2	834.8947368421053
2012	64	9	4	2	15862	9	letter	en	Heuristics	True	bronze	0	7	10	3	2	1	5	1133.0
1998	59	9	2	1	15856	16	article	en	Computer science	False	closed	0	15	10	1	0	1	2	566.2857142857143
2007	49	6	1	1	15853	0	article	en	Confirmatory factor analysis	False	closed	178	7	10	1	0	1	1	834.3684210526316
1998	97	12	14	2	15833	48	article	en	Computer science	False	closed	215	15	10	3	0	1	19	565.4642857142857
1994	22	4	4	0	15831	0	article	en	Computer science	False	closed	28	1	20	1	0	0	0	494.71875
1995	83	11	2	3	15819	0	article	en	Biology	False	closed	131	8	10	1	0	1	6	510.2903225806452
1994	73	10	2	1	15814	11	article	en	Publication bias	False	closed	170	24	10	2	0	1	1	494.1875
1982	42	5	1	1	15774	0	article	en	Perceived exertion	True	bronze	128	26	10	3	2	1	1	358.5
1993	52	5	1	1	15774	58	article	en	Adaptive neuro fuzzy inference system	False	closed	123	16	10	1	0	1	1	478.0
2004	19	3	1	0	15772	0	book-chapter	en	Resource (disambiguation)	False	closed	144	17	20	1	0	0	0	716.9090909090909
1996	18	2	1	1	15770	8	article	en	Bootstrap aggregating	False	closed	0	18	10	1	1	1	1	525.6666666666666
1988	47	7	2	1	15732	38	article	en	Structural equation modeling	False	closed	0	16	20	1	0	1	2	414.0
2010	112	18	2	2	15728	16	article	en	Suite	True	bronze	114	18	10	2	1	1	4	983.0
2014	19	3	3	1	15717	83	article	en	Differential evolution	False	closed	0	8	10	2	1	1	3	1309.75
2000	68	11	11	1	15713	6	article	en	Response Evaluation Criteria in Solid Tumors	False	closed	231	19	10	2	0	1	1	604.3461538461538
1996	38	5	3	0	15695	0	book	en	Glossary	False	closed	98	18	20	0	0	0	0	523.1666666666666
1988	94	13	1	0	15685	0	article	en	Situated	True	green	0	12	10	3	2	1	0	412.7631578947368
2016	64	6	2	0	15683	0	preprint	en	Computer science	True	green	95	14	10	2	1	1	0	1568.3
2018	51	7	1	0	15678	0	book	en	Statistics	False	closed	24	7	10	1	0	1	0	1959.75
2010	10	1	1	1	15676	12	article	en	Computer science	True	hybrid	90	19	10	4	3	1	1	979.75
2013	37	5	9	0	15662	7	paratext	en	Series (stratigraphy)	True	green	191	6	10	8	7	1	10	1204.7692307692307
1992	60	7	2	0	15645	29	article	en	Inference	True	bronze	188	20	10	1	1	1	0	460.1470588235294
2006	100	12	1	1	15643	12	article	en	Taxon	True	green	182	13	10	9	6	1	1	782.15
2007	52	7	0	0	15643	0	book	en	Presentation (obstetrics)	False	closed	124	15	10	1	0	1	0	823.3157894736842
2006	103	11	3	1	15632	34	article	en	Omega	True	green	281	17	10	4	3	1	3	781.6
2017	48	6	1	0	15608	1	book	en	IBM	False	closed	448	15	20	1	0	0	0	1734.2222222222222
2020	74	12	12	1	15596	53	preprint	en	Image (mathematics)	True	green	117	11	10	2	1	1	11	2599.3333333333335
2002	91	14	1	1	15577	42	article	en	Fast Fourier transform	True	bronze	166	24	10	4	3	1	1	649.0416666666666
2005	45	5	3	2	15572	879	review	en	Solvation	False	closed	222	8	10	2	0	1	6	741.5238095238095
2009	72	11	2	1	15563	20	article	en	Software	True	bronze	76	19	10	3	2	1	2	915.4705882352941
1997	59	8	4	0	15557	12	article	en	Solver	False	closed	109	20	10	1	0	1	0	536.448275862069
2000	38	5	2	1	15512	27	article	en	Artificial intelligence	True	green	122	18	10	2	1	1	2	596.6153846153846
1985	25	2	5	2	15487	6	article	en	Buckminsterfullerene	False	closed	0	18	10	1	0	1	6	377.7317073170732
2002	41	5	1	0	15473	0	book	en	Qualitative research	False	closed	49	24	20	1	0	0	0	644.7083333333334
2008	92	11	4	1	15421	31	article	en	Computer science	True	green	162	19	10	3	1	1	5	856.7222222222222
1998	30	3	1	0	15413	0	book-chapter	en	Business	False	closed	0	3	10	1	0	1	0	550.4642857142857
1980	63	8	2	0	15391	0	book	en	Statistics	False	closed	101	17	20	1	0	0	0	334.5869565217391
2010	36	6	2	1	15381	0	book	en	Index (typography)	False	closed	55	17	20	0	0	0	1	961.3125
1986	25	3	1	1	15365	1	article	en	Mathematics	False	closed	0	16	10	1	0	1	1	384.125
2013	67	9	1	1	15350	20	article	en	Operational taxonomic unit	False	closed	0	12	10	2	0	1	1	1180.7692307692307
2010	64	4	1	1	15348	102	article	en	Covariate	True	diamond	99	15	10	5	5	1	1	959.25
2015	69	10	3	1	15342	25	article	en	Machine translation	False	closed	174	24	20	1	0	0	3	1394.7272727272727
2003	66	11	2	1	15324	15	article	en	Biologist	True	green	32	8	10	3	1	1	2	666.2608695652174
1986	93	10	3	0	15274	0	book	en	Cognition	False	closed	0	6	20	1	0	0	0	381.85
1997	73	10	2	0	15273	0	book	en	Fieldnotes	False	closed	196	19	20	1	0	0	0	526.6551724137931
2015	52	7	2	1	15273	0	article	en	Computer science	False	closed	0	6	6	0	0	0	1	1388.4545454545455
2001	58	5	2	0	15272	27	book	en	Evolutionary algorithm	False	closed	185	18	20	1	0	0	0	610.88
1988	64	8	1	0	15272	0	book	en	Pascal (unit)	False	closed	75	11	20	1	0	0	0	401.89473684210526
1985	106	16	3	1	15256	32	article	en	pUC19	False	closed	0	17	10	2	0	1	3	372.0975609756098
1996	53	10	5	4	15253	8	article	en	Medicine	True	green	232	3	10	5	4	1	20	508.43333333333334
1992	56	7	3	1	15244	14	article	en	Mathematics	False	closed	0	22	10	1	0	1	3	448.3529411764706
1992	49	8	3	1	15214	16	article	en	Economics	True	green	95	23	10	2	1	1	3	447.47058823529414
2002	53	7	2	3	15210	33	review	en	Community structure	True	green	168	30	10	7	5	1	6	633.75
